station_code,name,latitude,longitude,altitude,region,state,founded
A001,BRASILIA,-15.78944444,-47.92583332,1160.96,CO,DF,07/05/00
A002,GOIANIA,-16.64277777,-49.22027777,727.3,CO,GO,29/05/01
A003,MORRINHOS,-17.74499999,-49.10166666,751.09,CO,GO,25/05/01
A005,PORANGATU,-13.30944444,-49.11749999,365.0,CO,GO,04/06/01
A009,PALMAS,-10.14777777,-48.31444444,267.0,N,TO,17/12/04
A010,PARANA,-12.615,-47.87194443,284.96,N,TO,04/03/05
A011,SAO SIMAO,-18.96916666,-50.63333333,492.45,CO,GO,15/07/06
A012,LUZIANIA,-16.26055555,-47.96694443,1000.82,CO,GO,21/10/06
A013,ARAGARCAS,-15.90277777,-52.24527777,327.35,CO,GO,13/07/07
A014,GOIAS,-15.93972221,-50.14138888,512.86,CO,GO,18/07/07
A015,ITAPACI,-14.97972221,-49.53944444,551.0,CO,GO,03/02/07
A016,JATAI,-17.9236111,-51.71749999,670.08,CO,GO,23/05/07
A017,POSSE,-14.08916666,-46.36638888,830.0,CO,GO,18/04/07
A018,PEIXE,-12.01527777,-48.54444444,250.87,N,TO,01/12/06
A019,GURUPI,-11.74499999,-49.05166666,274.0,N,TO,20/12/06
A020,PEDRO AFONSO,-8.9686111,-48.17722221,189.71,N,TO,23/01/07
A021,ARAGUAINA,-7.10388888,-48.20111111,230.76,N,TO,26/01/07
A022,GOIANESIA,-15.22027777,-48.98999999,667.01,CO,GO,02/06/07
A023,CAIAPONIA,-16.96694443,-51.81749999,740.1,CO,GO,21/05/07
A024,ALTO PARAISO DE GOIAS,-14.13305554,-47.52333332,1264.7,CO,GO,04/06/07
A025,RIO VERDE,-17.78527777,-50.965,780.11,CO,GO,17/05/07
A026,MINEIROS,-17.45472222,-52.60111111,862.0,CO,GO,24/11/07
A027,PARAUNA,-16.9625,-50.42555554,678.74,CO,GO,29/03/08
A028,IPORA,-16.42305554,-51.14888888,610.41,CO,GO,24/06/13
A029,EDEIA,-17.33694444,-49.91472222,608.0,CO,GO,26/08/17
A031,SAO MIGUEL DO ARAGUAIA,-12.82055554,-50.33583333,210.0,CO,GO,29/06/17
A032,MONTE ALEGRE DE GOIAS,-13.25361111,-46.89027777,552.0,CO,GO,07/06/07
A033,PIRES DO RIO,-17.30416666,-48.28416666,757.27,CO,GO,12/10/07
A034,CATALAO,-18.15472222,-47.92749999,900.72,CO,GO,31/01/08
A035,ITUMBIARA,-18.40972222,-49.19194444,491.17,CO,GO,01/11/07
A036,CRISTALINA,-16.78499999,-47.61305555,1211.08,CO,GO,14/12/07
A037,SILVANIA,-16.67972221,-48.61805554,952.0,CO,GO,08/10/10
A038,DIANOPOLIS,-11.59444444,-46.84722221,727.87,N,TO,30/08/08
A039,FORMOSO DO ARAGUAIA,-11.88749999,-49.60833333,215.2,N,TO,27/04/08
A040,MATEIROS,-10.43444444,-45.92194443,791.0,N,TO,25/10/12
A041,MARIANOPOLIS DO TO,-9.57638888,-49.72333332,186.69,N,TO,24/11/12
A042,BRAZLANDIA,-15.59972221,-48.1311111,1143.0,CO,DF,19/07/17
A043,CAMPOS LINDOS,-8.15472222,-46.63944444,426.56,N,TO,29/10/12
A044,ARAGUATINS,-5.6436111,-48.11194444,130.71,N,TO,12/03/09
A045,AGUAS EMENDADAS,-15.59638888,-47.62583332,1030.36,CO,DF,03/10/08
A046,GAMA (PONTE ALTA),-15.93527777,-48.13749999,990.0,CO,DF,01/10/14
A047,PARANOA (COOPA-DF),-16.01222222,-47.5575,1043.0,CO,DF,07/02/17
A048,SANTA FE DO ARAGUAIA,-7.124191,-48.781267,171.0,N,TO,30/07/16
A049,COLINAS DO TOCANTINS,-8.09277777,-48.4786111,200.0,N,TO,11/11/16
A050,RIO SONO,-9.793363,-47.132732,291.0,N,TO,03/08/16
A051,PIUM,-10.47694443,-49.62944443,161.0,N,TO,06/04/16
A052,SANTA ROSA DO TOCANTINS,-11.42888888,-48.18499999,306.0,N,TO,14/08/15
A053,ALMAS,-11.28416666,-47.21222222,503.0,N,TO,01/04/16
A054,ARAGUACU,-12.59222221,-49.5286111,231.0,N,TO,19/08/15
A055,LAGOA DA CONFUSAO,-10.828286,-49.847882,178.0,N,TO,15/11/16
A056,CRISTALINA (FAZENDA SANTA MONICA),-16.39944444,-47.62583332,932.0,CO,GO,25/01/18
A101,MANAUS,-3.10333333,-60.01638888,61.25,N,AM,09/05/00
A102,PARQUE ESTADUAL CHANDLESS,-9.35833333,-69.92638888,184.51,N,AC,05/08/08
A104,RIO BRANCO,-9.95920402,-67.86898266,163.0,N,AC,11/07/08
A108,CRUZEIRO DO SUL,-7.61055555,-72.6811111,220.0,N,AC,14/05/15
A109,EIRUNEPE,-6.65027777,-69.8686111,121.54,N,AM,31/08/12
A110,BOCA DO ACRE,-8.77666666,-67.33249999,111.98,N,AM,15/07/08
A111,LABREA,-7.26055555,-64.7886111,61.91,N,AM,27/07/08
A112,HUMAITA,-7.5525,-63.07138888,53.56,N,AM,25/04/08
A113,APUI,-7.20555555,-59.8886111,156.97,N,AM,19/07/08
A117,COARI,-4.09749999,-63.14527777,33.84,N,AM,12/04/08
A119,MANACAPURU,-3.29472221,-60.62833332,36.57,N,AM,10/04/08
A120,AUTAZES,-3.58333333,-59.12944443,19.9,N,AM,17/04/08
A121,ITACOATIARA,-3.13333333,-58.48277777,41.54,N,AM,17/04/08
A122,MAUES,-3.39888888,-57.67388888,25.49,N,AM,22/04/08
A123,PARINTINS,-2.63916666,-56.75611111,18.72,N,AM,11/04/08
A124,URUCARA,-2.53472221,-57.75805555,18.49,N,AM,17/04/08
A125,RIO URUBU,-2.6336111,-59.60055555,112.84,N,AM,26/06/08
A126,PRESIDENTE FIGUEIREDO,-2.05666666,-60.02583332,60.99,N,AM,19/04/08
A128,BARCELOS,-0.98722221,-62.92416666,29.88,N,AM,19/04/08
A133,MANICORE,-5.7886111,-61.28833333,40.64,N,AM,12/12/11
A134,S. G. DA CACHOEIRA,-0.12527777,-67.06111111,79.67,N,AM,31/08/11
A135,BOA VISTA,2.81694443,-60.69083333,82.35,N,RR,26/08/10
A136,PORTO WALTER,-8.26722221,-72.74777777,205.35,N,AC,29/10/09
A137,MARECHAL THAUMATURGO,-8.95,-72.78666666,220.98,N,AC,27/10/09
A138,FEIJO,-8.14277777,-70.3436111,157.17,N,AC,24/09/09
A140,EPITACIOLANDIA,-11.02388888,-68.73527777,224.5,N,AC,25/09/09
A144,NOVO ARIPUANA,-8.0911111,-60.38055554,45.0,N,AM,18/07/19
A201,BELEM,-1.41111111,-48.43944444,21.17,N,PA,20/01/03
A202,CASTANHAL,-1.30083333,-47.94805555,47.13,N,PA,24/01/03
A203,SAO LUIS,-2.52666666,-44.21361111,54.8,NE,MA,29/01/03
A204,BALSAS,-7.45555555,-46.02749999,271.03,NE,MA,26/10/07
A205,CAROLINA,-7.33722221,-47.45972222,182.88,NE,MA,04/12/07
A206,CHAPADINHA,-3.74277777,-43.35222222,104.0,NE,MA,17/09/08
A207,GRAJAU,-5.81611111,-46.16222222,232.29,NE,MA,10/09/08
A209,MEDICILANDIA,-3.51083333,-52.96333333,251.68,N,PA,17/02/08
A210,PACAJA,-3.8436111,-50.63805555,89.02,N,PA,27/02/08
A211,PLACAS,-3.86416666,-54.21638888,100.45,N,PA,14/02/08
A212,PARAGOMINAS,-2.90055555,-47.49499999,88.0,N,PA,18/10/07
A213,TOME ACU,-2.59249999,-48.36055555,42.95,N,PA,14/10/07
A214,RONDON DO PARA,-4.82749999,-48.1736111,203.0,N,PA,17/04/08
A215,SALINOPOLIS,-0.61888888,-47.35666666,23.18,N,PA,14/06/08
A216,SAO FELIX DO XINGU,-6.63972221,-51.95694444,211.0,N,PA,15/11/16
A217,FAROL de SANTANA,-2.27083332,-43.62416666,9.87,NE,MA,28/11/08
A218,PREGUICAS,-2.59222221,-42.7075,4.62,NE,MA,22/11/08
A219,TURIACU,-1.66111111,-45.37249999,35.86,NE,MA,10/06/08
A220,BACABAL,-4.24305555,-44.79499999,22.33,NE,MA,09/07/08
A221,BARRA DO CORDA,-5.50666666,-45.23694444,154.19,NE,MA,06/03/08
A222,COLINAS,-6.03305554,-44.23333333,175.37,NE,MA,03/06/08
A223,ALTO PARNAIBA,-9.10833333,-45.93194443,283.69,NE,MA,03/06/08
A224,ESTREITO,-6.65333333,-47.41833332,182.96,NE,MA,27/02/08
A225,IMPERATRIZ,-5.55583333,-47.45972222,117.96,NE,MA,01/03/08
A226,BRAGANCA,-1.05583333,-46.78277777,5.6,N,PA,11/03/08
A227,SOURE,-0.72777777,-48.51583333,12.54,N,PA,27/04/08
A228,BREVES,-1.68027777,-50.47805554,11.0,N,PA,20/10/17
A229,TUCURUI,-3.82277777,-49.67499999,137.94,N,PA,01/03/08
A230,SERRA DOS CARAJAS,-6.07749999,-50.14222221,707.0,N,PA,03/09/08
A231,ITAITUBA,-4.27694443,-55.99305555,24.46,N,PA,17/02/08
A232,OBIDOS,-1.88083332,-55.51972221,89.64,N,PA,05/07/12
A233,SANTANA DO ARAGUAIA,-9.34055555,-50.35027777,154.0,N,PA,30/05/08
A234,TUCUMA,-6.74333333,-51.14194444,320.93,N,PA,18/07/08
A235,NOVO REPARTIMENTO,-4.24388888,-49.93944444,100.76,N,PA,23/07/08
A236,CAMETA,-2.23972221,-49.49972221,9.92,N,PA,20/06/08
A237,CAXIAS,-4.82138888,-43.3436111,84.85,NE,MA,13/07/08
A238,BURITICUPU,-4.32055554,-46.44944444,174.91,NE,MA,11/09/08
A239,MONTE ALEGRE,-2.0,-54.07638888,100.53,N,PA,06/07/12
A240,MARABA,-5.36638888,-49.05111111,116.58,N,PA,25/06/09
A241,CONCEICAO DO ARAGUAIA,-8.30361111,-49.28277777,175.74,N,PA,04/09/08
A242,OIAPOQUE,3.81361111,-51.8625,15.14,N,AP,11/09/08
A244,PORTO GRANDE,0.69416666,-51.40388888,84.8,N,AP,17/09/08
A245,PORTO DE MOZ,-1.82194443,-52.11166666,19.0,N,PA,07/04/22
A246,MINA DO PALITO,-6.31999999,-55.78777777,259.88,N,PA,28/09/10
A247,XINGUARA,-7.11055555,-49.9261111,245.0,N,PA,11/09/16
A248,CAPITAO POCO,-1.73472221,-47.0575,79.1,N,PA,18/04/11
A249,MACAPA,0.03499999,-51.08888888,16.62,N,AP,12/12/13
A250,SANTAREM,-2.5025,-54.72027777,137.0,N,PA,02/09/15
A251,ITAUBAL,0.56777777,-50.8236111,21.0,N,AP,24/08/17
A252,DOM ELISEU,-4.28055554,-47.56388888,251.0,N,PA,08/03/18
A253,ALTAMIRA,-3.26999999,-52.39472221,191.0,N,PA,25/10/18
A254,REDENCAO,-8.04333333,-50.00694444,199.0,N,PA,11/07/19
A255,ZE DOCA,-3.26916666,-45.65111111,45.5,NE,MA,18/09/19
A256,SANTA MARIA DAS BARREIRAS,-8.72972221,-49.85638888,165.0,N,PA,18/12/20
A303,MACEIO,-9.55111111,-35.77027777,84.12,NE,AL,25/02/03
A304,NATAL,-5.83722221,-35.20805555,47.46,NE,RN,24/02/03
A305,FORTALEZA,-3.81583333,-38.53777777,29.55,NE,CE,18/02/03
A306,SOBRAL,-3.74805555,-40.34583333,92.07,NE,CE,12/02/03
A307,PETROLINA,-9.38833333,-40.52333332,372.72,NE,PE,21/02/03
A308,PARNAIBA,-3.08666666,-41.78305554,52.11,NE,PI,06/02/03
A309,ARCO VERDE,-8.4336111,-37.05555555,683.95,NE,PE,20/11/04
A310,AREIA,-6.97555554,-35.71805554,573.45,NE,PB,16/11/04
A311,FLORIANO,-6.76138888,-43.00333333,126.39,NE,PI,18/11/04
A312,TERESINA,-5.03472221,-42.80138888,75.23,NE,PI,24/11/04
A313,CAMPINA GRANDE,-7.22555554,-35.90472222,546.17,NE,PB,22/12/06
A314,GUARAMIRANGA,-4.22916666,-38.95888888,865.53,NE,CE,26/05/07
A315,BARBALHA,-7.30083333,-39.2711111,409.41,NE,CE,31/05/07
A316,CAICO,-6.46749999,-37.08499999,171.26,NE,RN,07/01/07
A317,MACAU,-5.15111111,-36.57305554,17.37,NE,RN,06/01/07
A318,MOSSORO,-4.90416666,-37.36694443,29.44,NE,RN,22/05/07
A319,IGUATU,-6.39638888,-39.26888888,221.56,NE,CE,30/05/07
A320,JOAO PESSOA,-7.16527777,-34.81555555,33.5,NE,PB,21/07/07
A321,PATOS,-7.07972221,-37.27277777,263.66,NE,PB,21/07/07
A322,GARANHUNS,-8.91083333,-36.49333333,827.78,NE,PE,08/07/07
A323,PAO DE ACUCAR,-9.74916666,-37.43083332,20.83,NE,AL,14/07/07
A324,TAUA,-6.01749999,-40.28138888,410.87,NE,CE,12/07/07
A325,QUIXERAMOBIM,-5.17444443,-39.28944444,221.04,NE,CE,09/07/07
A326,BOM JESUS DO PIAUI,-9.07999999,-44.32777777,288.0,NE,PI,17/07/07
A327,PALMEIRA DOS INDIOS,-9.42027777,-36.62027777,278.01,NE,AL,11/07/07
A328,SURUBIM,-7.84249999,-35.79027777,421.44,NE,PE,09/03/08
A329,CABROBO,-8.50388888,-39.31527777,342.74,NE,PE,04/09/07
A330,PAULISTANA,-8.13222221,-41.14305555,376.0,NE,PI,31/08/07
A331,SAO JOAO DO PIAUI,-8.36444444,-42.2525,231.0,NE,PI,26/08/07
A332,MORADA NOVA,-5.0911111,-38.36472222,93.0,NE,CE,24/08/07
A333,SAO GONCALO,-6.83583333,-38.31166666,237.04,NE,PB,06/11/07
A334,MONTEIRO,-7.89444444,-37.12472221,606.39,NE,PB,22/08/07
A335,PIRIPIRI,-4.2761111,-41.79444444,157.89,NE,PI,31/08/07
A336,ALVORADA DO GURGUEIA,-8.37638888,-43.85944444,225.0,NE,PI,17/11/07
A337,CARACOL,-9.28583333,-43.32444443,515.3,NE,PI,10/11/07
A339,JAGUARUANA,-4.83777777,-37.69972221,12.0,NE,CE,10/11/07
A340,APODI,-5.62666666,-37.815,131.41,NE,RN,14/11/07
A341,CARUARU,-8.35611111,-36.02833332,837.0,NE,PE,21/11/07
A342,CRATEUS,-5.18666666,-40.67222221,298.19,NE,CE,11/12/08
A343,PICOS,-7.0711111,-41.40416666,232.91,NE,PI,12/12/08
A344,CALCANHAR,-5.16,-35.48749999,9.82,NE,RN,08/05/08
A345,SAO RAIMUNDO NONATO,-9.03305554,-42.70111111,385.0,NE,PI,27/02/08
A346,URUCUI,-7.44138888,-44.34499999,398.83,NE,PI,06/03/08
A347,CAMPOS SALES,-7.07777777,-40.36277777,577.95,NE,CE,07/03/08
A348,CABACEIRAS,-7.48333333,-36.28638888,391.96,NE,PB,28/02/08
A349,IBIMIRIM,-8.50944444,-37.71166666,434.23,NE,PE,14/10/08
A350,SERRA TALHADA,-7.95416666,-38.29499999,499.02,NE,PE,09/07/08
A351,FLORESTA,-8.59888888,-38.58416666,327.42,NE,PE,15/09/08
A352,CAMARATUBA,-6.56194444,-35.13527777,135.51,NE,PB,04/05/08
A353,ARAPIRACA,-9.80444444,-36.61916666,236.84,NE,AL,27/04/08
A354,OEIRAS,-6.97416666,-42.14694444,154.03,NE,PI,22/07/08
A355,CORURIPE,-10.1286111,-36.28638888,82.39,NE,AL,06/09/08
A356,SAO LUIS DO QUITUNDE,-9.28749999,-35.56583333,13.69,NE,AL,08/09/08
A357,PALMARES,-8.66666666,-35.56805554,164.01,NE,PE,04/09/08
A358,JAGUARIBE,-5.90555555,-38.62777777,149.31,NE,CE,10/09/08
A359,ITAPIPOCA,-3.48416666,-39.5886111,104.49,NE,CE,05/09/08
A360,ACARAU,-3.1211111,-40.08722221,67.15,NE,CE,22/04/09
A361,CASTELO DO PIAUI,-5.34916666,-41.51222222,268.75,NE,PI,20/04/09
A363,VALENCA DO PIAUI,-6.4236111,-41.74888888,372.0,NE,PI,18/04/09
A364,GILBUES,-9.87527777,-45.34583333,425.1,NE,PI,16/05/09
A365,CANTO DO BURITI,-8.11805554,-42.97583332,312.07,NE,PI,12/06/10
A366,OURICURI,-7.88583333,-40.10277777,457.85,NE,PE,11/08/10
A367,SANTA CRUZ,-6.22805554,-36.02666666,227.49,NE,RN,17/08/10
A368,TIANGUA,-3.73222221,-41.01194444,756.0,NE,CE,15/03/18
A369,QUIXADA,-4.97888888,-39.05722222,193.0,NE,CE,20/03/18
A370,SALGUEIRO,-8.05805555,-39.0961111,447.0,NE,PE,15/09/17
A371,PIRANHAS,-9.62222221,-37.76722221,187.0,NE,AL,20/09/17
A372,IPANGUACU,-5.53499999,-36.87222221,19.0,NE,RN,08/11/17
A373,ITAPORANGA,-7.31833332,-38.14083333,292.0,NE,PB,03/11/17
A374,CORRENTE,-10.42916666,-45.17305554,452.0,NE,PI,28/03/18
A375,BAIXA GRANDE DO RIBEIRO,-8.333531,-45.094625,519.0,NE,PI,23/03/18
A376,CAMPO MAIOR,-4.86416666,-42.14555555,125.0,NE,PI,23/11/18
A377,ANGICAL DO PIAUI,-6.08944444,-42.72749999,183.0,NE,PI,14/11/19
A401,SALVADOR,-13.00555555,-38.50583333,47.56,NE,BA,13/05/00
A402,BARREIRAS,-12.12472221,-45.02694443,474.17,NE,BA,20/12/01
A404,LUIS EDUARDO MAGALHAES,-12.1525,-45.82972221,760.68,NE,BA,18/04/02
A405,CARAVELAS,-17.73944444,-39.25861111,6.05,NE,BA,20/12/02
A406,CRUZ DAS ALMAS,-12.67555554,-39.08944444,219.76,NE,BA,19/01/03
A407,ITIRUCU,-13.52777777,-40.11972221,757.42,NE,BA,09/02/03
A408,ITABERABA,-12.52416666,-40.29972221,250.11,NE,BA,29/01/03
A409,ARACAJU,-10.9525,-37.05444444,3.72,NE,SE,12/02/03
A410,ILHEUS,-14.65888888,-39.18138888,80.21,NE,BA,25/01/03
A412,MACAJUBA,-12.13166666,-40.35416666,360.0,NE,BA,03/02/03
A413,FEIRA DE SANTANA,-12.1961111,-38.96749999,229.64,NE,BA,26/05/07
A414,VITORIA DA CONQUISTA,-14.88638888,-40.80138888,879.38,NE,BA,01/06/07
A415,SANTA RITA DE CASSIA,-11.00333333,-44.53638888,450.0,NE,BA,28/05/07
A416,CORRENTINA,-13.33249999,-44.61749999,551.71,NE,BA,09/11/07
A417,ITABAIANINHA,-11.27249999,-37.79499999,204.8,NE,SE,23/05/07
A418,BOM JESUS DA LAPA,-13.25111111,-43.40527777,447.75,NE,BA,18/05/07
A419,POCO VERDE,-10.73805555,-38.10833333,367.01,NE,SE,03/04/08
A421,BREJO GRANDE,-10.47388888,-36.48194443,6.11,NE,SE,17/07/08
A422,ABROLHOS,-17.96305555,-38.70333333,20.93,NE,BA,21/07/08
A423,REMANSO,-9.62555554,-42.07722221,397.4,NE,BA,26/03/08
A424,IRECE,-11.32888888,-41.86444444,768.42,NE,BA,31/03/08
A425,LENCOIS,-12.55777777,-41.38888888,438.09,NE,BA,05/04/08
A426,GUANAMBI,-14.20805555,-42.74972221,552.23,NE,BA,24/04/08
A427,PORTO SEGURO,-16.38888888,-39.18249999,86.36,NE,BA,10/07/08
A428,SENHOR DO BONFIM,-10.44305555,-40.14833333,532.09,NE,BA,27/03/08
A429,BARRA,-11.08472221,-43.13888888,407.5,NE,BA,12/05/08
A430,PIATA,-13.15555555,-41.77416666,1283.95,NE,BA,03/05/08
A431,CONDE,-12.03583333,-37.68388888,31.9,NE,BA,07/04/08
A432,BURITIRAMA,-10.72305554,-43.65111111,506.06,NE,BA,15/05/08
A433,BRUMADO,-14.18194443,-41.67222221,473.37,NE,BA,28/04/08
A434,AMARGOSA,-13.00944444,-39.61694443,397.8,NE,BA,11/07/08
A436,QUEIMADAS,-10.98472221,-39.61694443,310.11,NE,BA,23/05/08
A437,UNA,-15.28027777,-39.09138888,74.08,NE,BA,25/06/08
A438,MARAU,-13.90694444,-38.97222221,6.24,NE,BA,22/06/08
A439,IBOTIRAMA,-12.19305555,-43.21333333,425.12,NE,BA,28/04/08
A440,JACOBINA,-11.205,-40.465,440.78,NE,BA,01/05/08
A441,SERRINHA,-11.66472222,-39.02305554,337.79,NE,BA,09/05/08
A442,EUCLIDES DA CUNHA,-10.53722221,-38.99666666,431.96,NE,BA,31/03/08
A443,DELFINO,-10.455,-41.20694444,646.24,NE,BA,15/07/08
A444,VALENCA,-13.3436111,-39.12666666,93.12,NE,BA,29/06/09
A445,IPIAU,-14.17138888,-39.69249999,132.11,NE,BA,30/06/09
A446,ITAPETINGA,-15.24472221,-40.22944443,271.48,NE,BA,25/06/09
A447,BELMONTE,-16.08805555,-39.21527777,89.67,NE,BA,02/07/09
A448,CURACA,-9.00138888,-39.9125,370.0,NE,BA,20/08/15
A450,JEREMOABO,-10.08083332,-38.34583333,261.0,NE,BA,13/08/15
A451,ITABAIANA,-10.67166666,-37.47138888,213.0,NE,SE,24/04/17
A452,FORMOSA DO RIO PRETO,-11.05222222,-45.20083333,488.0,NE,BA,02/06/16
A453,NOSSA SENHORA DA GLORIA,-10.20777777,-37.43194443,271.0,NE,SE,24/03/17
A455,ITAMARAJU,-17.00694444,-39.55805555,110.0,NE,BA,28/05/16
A456,SALVADOR (RADIO FAROL),-12.80833333,-38.49583333,31.0,NE,BA,10/03/18
A458,RIBEIRA DO AMPARO,-11.05861111,-38.44416666,182.0,NE,BA,20/09/18
A502,BARBACENA,-21.22833332,-43.76777777,1168.76,SE,MG,05/12/02
A505,ARAXA,-19.60583333,-46.94972221,1018.32,SE,MG,19/12/02
A506,MONTES CLAROS,-16.68638888,-43.84388888,645.87,SE,MG,19/12/02
A507,UBERLANDIA,-18.91694443,-48.25555555,874.77,SE,MG,18/12/02
A508,ALMENARA,-16.16666666,-40.68777777,189.11,SE,MG,15/12/02
A509,MONTE VERDE,-22.86166666,-46.04333333,1544.89,SE,MG,19/12/04
A510,VICOSA,-20.7625,-42.86388888,697.64,SE,MG,15/09/05
A511,TIMOTEO,-19.57388888,-42.62249999,493.42,SE,MG,22/02/06
A512,ITUIUTABA,-18.95277777,-49.52499999,540.08,SE,MG,12/05/06
A513,OURO BRANCO,-20.55666666,-43.75611111,1048.2,SE,MG,28/07/06
A514,SAO JOAO DEL REI,-21.10638888,-44.25083333,929.88,SE,MG,09/06/06
A515,VARGINHA,-21.56638888,-45.40416666,949.78,SE,MG,13/07/06
A516,PASSOS,-20.74527777,-46.63388888,781.7,SE,MG,16/07/06
A517,MURIAE,-21.105,-42.37583332,282.79,SE,MG,30/08/06
A518,JUIZ DE FORA,-21.76999999,-43.36444444,936.88,SE,MG,26/05/07
A519,CAMPINA VERDE,-19.53916666,-49.51805554,559.07,SE,MG,15/07/06
A520,CONCEICAO DAS ALAGOAS,-19.98583333,-48.15166666,572.54,SE,MG,18/07/06
A521,BELO HORIZONTE - PAMPULHA,-19.88388888,-43.96944443,854.02,SE,MG,10/10/06
A522,SERRA DOS AIMORES,-17.79888888,-40.25,211.97,SE,MG,21/08/06
A523,PATROCINIO,-18.99666666,-46.98583333,978.11,SE,MG,22/08/06
A524,FORMIGA,-20.455,-45.45388888,878.14,SE,MG,17/08/06
A525,SACRAMENTO,-19.87527777,-47.43416666,913.12,SE,MG,19/08/06
A526,MONTALVANIA,-14.40833333,-44.40416666,519.52,SE,MG,26/06/07
A527,TEOFILO OTONI,-17.89277777,-41.51555555,467.17,SE,MG,25/08/06
A528,TRES MARIAS,-18.20083333,-45.45972222,931.01,SE,MG,25/08/06
A529,PASSA QUATRO,-22.39583333,-44.96194444,1017.1,SE,MG,30/05/07
A530,CALDAS,-21.91805554,-46.38305554,1077.34,SE,MG,28/11/06
A531,MARIA DA FE,-22.31444444,-45.37305554,1281.43,SE,MG,01/12/06
A532,GOVERNADOR VALADARES,-18.83027777,-41.97694443,198.24,SE,MG,27/05/07
A533,GUANHAES,-18.78694444,-42.94305555,852.68,SE,MG,02/06/07
A534,AIMORES,-19.53277777,-41.09083333,301.0,SE,MG,05/08/07
A535,FLORESTAL,-19.88527777,-44.41694443,753.5,SE,MG,27/06/08
A536,DORES DO INDAIA,-19.48194443,-45.59388888,721.09,SE,MG,01/06/07
A537,DIAMANTINA,-18.231052,-43.648269,1359.25,SE,MG,05/06/07
A538,CURVELO,-18.74777777,-44.45388888,669.48,SE,MG,18/12/06
A539,MOCAMBINHO,-15.08583333,-44.01611111,454.0,SE,MG,11/11/07
A540,MANTENA,-18.78055554,-40.98638888,254.91,SE,MG,01/08/07
A541,CAPELINHA,-17.70555555,-42.38916666,932.06,SE,MG,31/08/07
A542,UNAI,-16.55416666,-46.88194443,640.85,SE,MG,16/06/07
A543,ESPINOSA,-14.91222222,-42.80861111,565.36,SE,MG,14/11/07
A544,BURITIS,-15.52416666,-46.43555555,894.0,SE,MG,19/06/07
A545,PIRAPORA,-17.258064,-44.835556,505.32,SE,MG,04/07/07
A546,GUARDA-MOR,-17.56138888,-47.19916666,997.01,SE,MG,11/07/07
A547,SAO ROMAO,-16.36277777,-45.12388888,490.29,SE,MG,30/06/07
A548,CHAPADA GAUCHA,-15.30027777,-45.61749999,873.2,SE,MG,22/06/07
A549,AGUAS VERMELHAS,-15.75166666,-41.45777777,754.07,SE,MG,09/09/07
A550,ITAOBIM,-16.57555554,-41.48555555,271.63,SE,MG,05/09/07
A551,RIO PARDO DE MINAS,-15.72305554,-42.43583333,850.06,SE,MG,17/11/07
A552,SALINAS,-16.16027777,-42.31027777,487.14,SE,MG,14/09/07
A553,JOAO PINHEIRO,-17.78444444,-46.11944443,877.05,SE,MG,07/07/07
A554,CARATINGA,-19.73583333,-42.13722221,609.25,SE,MG,24/05/07
A555,IBIRITE (ROLA MOCA),-20.03138888,-44.01111111,1198.82,SE,MG,06/06/08
A556,MANHUACU,-20.26333333,-42.18277777,819.47,SE,MG,25/09/10
A557,CORONEL PACHECO,-21.54666666,-43.26111111,411.14,SE,MG,17/10/12
A559,JANUARIA,-15.44805555,-44.36638888,468.0,SE,MG,23/06/16
A560,POMPEU,-19.23249999,-44.96416666,705.0,SE,MG,21/08/15
A561,SAO SEBASTIAO DO PARAISO,-20.91,-47.11416666,845.0,SE,MG,17/08/15
A562,PATOS DE MINAS,-18.52055554,-46.44055555,950.0,SE,MG,12/05/17
A563,NOVA PORTEIRINHA (JANAUBA),-15.80277777,-43.29694444,532.0,SE,MG,19/11/16
A564,DIVINOPOLIS,-20.17333332,-44.87499999,796.0,SE,MG,26/10/17
A565,BAMBUI,-20.0311111,-46.00888888,697.0,SE,MG,23/11/16
A566,ARACUAI,-16.84888888,-42.03527777,308.0,SE,MG,19/05/17
A567,MACHADO,-21.68083332,-45.94444444,969.0,SE,MG,21/07/17
A568,UBERABA,-19.71,-47.96194444,778.0,SE,MG,19/05/17
A569,SETE LAGOAS,-19.45527777,-44.17333332,719.0,SE,MG,10/06/16
A570,OLIVEIRA,-20.715,-44.86444444,1025.0,SE,MG,19/10/17
A571,PARACATU,-17.24444444,-46.88166666,705.0,SE,MG,16/03/18
A572,BELO HORIZONTE - SANTO AGOSTINHO,-19.93388888,-43.95222222,915.47,SE,MG,28/08/25
A601,SEROPEDICA-ECOLOGIA AGRICOLA,-22.75777777,-43.68472221,35.0,SE,RJ,24/05/00
A602,RIO DE JANEIRO-MARAMBAIA,-23.05027777,-43.59555555,12.0,SE,RJ,08/11/02
A603,DUQUE DE CAXIAS - XEREM,-22.58972221,-43.28222221,22.0,SE,RJ,21/10/02
A604,CAMBUCI,-21.58749999,-41.95833333,46.0,SE,RJ,20/11/02
A606,ARRAIAL DO CABO,-22.97527777,-42.02138888,5.0,SE,RJ,22/09/06
A607,CAMPOS DOS GOYTACAZES,-21.71472222,-41.34388888,17.0,SE,RJ,25/09/06
A608,MACAE,-22.3761111,-41.81194444,28.0,SE,RJ,22/09/06
A609,RESENDE,-22.45138888,-44.44499999,438.83,SE,RJ,29/09/06
A610,PICO DO COUTO,-22.46472222,-43.29138888,1777.0,SE,RJ,22/10/06
A611,VALENCA,-22.35805555,-43.69555555,370.0,SE,RJ,27/09/06
A612,VITORIA,-20.27083332,-40.30583333,9.0,SE,ES,31/10/06
A613,SANTA TERESA,-19.98833333,-40.57944443,975.92,SE,ES,09/08/07
A614,LINHARES,-19.35694444,-40.0686111,40.0,SE,ES,27/10/06
A616,SAO MATEUS,-18.6761111,-39.86416666,28.66,SE,ES,25/10/06
A617,ALEGRE,-20.75055555,-41.48888888,138.0,SE,ES,25/10/06
A618,TERESOPOLIS-PARQUE NACIONAL,-22.4486111,-42.98694444,981.0,SE,RJ,01/11/06
A619,PARATY,-23.2236111,-44.72694443,3.0,SE,RJ,19/11/06
A620,CAMPOS DOS GOYTACAZES - SAO TOME,-22.04166666,-41.05166666,7.0,SE,RJ,13/06/08
A621,RIO DE JANEIRO - VILA MILITAR,-22.86138888,-43.41138888,30.43,SE,RJ,13/04/07
A622,PRESIDENTE KENNEDY,-21.10083333,-41.03944444,69.12,SE,ES,18/06/08
A624,NOVA FRIBURGO - SALINAS,-22.33472221,-42.67694443,1070.0,SE,RJ,18/09/10
A625,TRES RIOS,-22.09833333,-43.20833333,295.0,SE,RJ,08/06/16
A626,RIO CLARO,-22.653579,-44.040916,516.0,SE,RJ,03/06/16
A627,NITEROI,-22.86749999,-43.10194444,6.0,SE,RJ,13/07/18
A628,ANGRA DOS REIS,-22.97555554,-44.30333333,6.0,SE,RJ,25/08/17
A629,CARMO,-21.9386111,-42.60083333,293.0,SE,RJ,11/10/18
A630,SANTA MARIA MADALENA,-21.95055555,-42.01027777,586.0,SE,RJ,16/10/18
A631,ECOPORANGA,-18.29138888,-40.73638888,224.0,SE,ES,17/03/17
A632,MARILANDIA,-19.40722222,-40.53972221,95.0,SE,ES,22/03/17
A633,VENDA NOVA DO IMIGRANTE,-20.38555555,-41.18999999,722.0,SE,ES,10/02/17
A634,VILA VELHA,-20.46694443,-40.40388888,25.0,SE,ES,15/02/17
A636,RIO DE JANEIRO - JACAREPAGUA,-22.93999999,-43.40277777,20.0,SE,RJ,10/08/17
A637,Paty do Alferes - Avelar,-22.34722221,-43.41777777,508.0,SE,RJ,10/11/22
A652,RIO DE JANEIRO - FORTE DE COPACABANA,-22.98833333,-43.19055555,25.59,SE,RJ,18/05/07
A657,AFONSO CLAUDIO,-20.10416666,-41.10694444,507.48,SE,ES,24/09/11
A659,SILVA JARDIM,-22.64583333,-42.41555555,19.0,SE,RJ,28/08/15
A667,SAQUAREMA - SAMPAIO CORREIA,-22.8711111,-42.60888888,26.0,SE,RJ,02/09/15
A701,SAO PAULO - MIRANTE,-23.4962888,-46.6200666,785.64,SE,SP,25/07/06
A702,CAMPO GRANDE,-20.44722221,-54.72249999,528.47,CO,MS,10/09/01
A703,PONTA PORA,-22.5525,-55.71638888,668.0,CO,MS,07/09/01
A704,TRES LAGOAS,-20.79499999,-51.71333333,328.94,CO,MS,03/09/01
A705,BAURU,-22.35805555,-49.02888888,636.17,SE,SP,30/08/01
A706,CAMPOS DO JORDAO,-22.75027777,-45.60388888,1662.95,SE,SP,13/03/02
A707,PRESIDENTE PRUDENTE,-22.11999999,-51.40861111,431.92,SE,SP,04/02/03
A708,FRANCA,-20.58444444,-47.38249999,1002.74,SE,SP,12/12/02
A709,IVINHEMA,-22.30055555,-53.82277777,377.36,CO,MS,08/02/03
A710,PARANAIBA,-19.69555555,-51.18166666,408.06,CO,MS,10/11/06
A711,SAO CARLOS,-21.98027777,-47.88388888,859.29,SE,SP,04/09/06
A712,IGUAPE,-24.67166666,-47.54583333,2.7,SE,SP,20/07/06
A713,IPERO,-23.4261111,-47.58555555,609.33,SE,SP,22/08/06
A714,ITAPEVA,-23.98194443,-48.88583333,743.33,SE,SP,25/07/06
A715,SAO MIGUEL ARCANJO,-23.89083333,-47.99916666,710.0,SE,SP,15/08/06
A716,OURINHOS,-23.00055555,-49.84333333,500.0,SE,SP,29/08/06
A717,NHUMIRIM,-18.9886111,-56.62277777,102.26,CO,MS,02/08/06
A718,RANCHARIA,-22.37277777,-50.97472221,398.75,SE,SP,01/09/06
A719,AQUIDAUANA,-20.47555554,-55.78388888,151.35,CO,MS,01/11/06
A720,COXIM,-18.51222222,-54.7361111,251.48,CO,MS,06/11/06
A721,DOURADOS,-22.19388888,-54.91138888,463.3,CO,MS,18/10/06
A722,MIRANDA,-20.39555555,-56.43166666,132.49,CO,MS,02/11/06
A723,PORTO MURTINHO,-21.70583333,-57.88666666,78.56,CO,MS,24/10/06
A724,CORUMBA,-18.99666666,-57.63749999,111.73,CO,MS,26/10/06
A725,AVARE,-23.10166666,-48.9411111,776.36,SE,SP,22/09/06
A726,PIRACICABA,-22.70305555,-47.62333332,566.46,SE,SP,26/09/06
A727,LINS,-21.66611111,-49.73472221,460.65,SE,SP,20/09/06
A728,TAUBATE,-23.04166666,-45.52083332,582.26,SE,SP,20/12/06
A730,CHAPADAO DO SUL,-18.80222222,-52.6025,820.82,CO,MS,20/12/06
A731,MARACAJU,-21.60916666,-55.17749999,388.94,CO,MS,15/12/06
A732,SAO GABRIEL DO OESTE,-19.42027777,-54.55305555,646.0,CO,MS,18/12/06
A733,JALES,-20.165,-50.59499999,460.44,SE,SP,22/08/07
A734,VALPARAISO,-21.31916666,-50.93027777,381.9,SE,SP,30/08/07
A735,JOSE BONIFACIO,-21.08555555,-49.92027777,408.35,SE,SP,03/09/07
A736,ARIRANHA,-21.13305554,-48.84055555,525.44,SE,SP,13/11/07
A737,IBITINGA,-21.85555555,-48.79972221,496.75,SE,SP,09/11/07
A738,CASA BRANCA,-21.78055554,-47.07527777,734.15,SE,SP,25/06/07
A739,ITAPIRA,-22.415,-46.80527777,634.89,SE,SP,05/11/07
A740,SAO LUIZ DO PARAITINGA,-23.22833332,-45.41694443,874.0,SE,SP,01/11/07
A741,BARRA BONITA,-22.4711111,-48.5575,533.68,SE,SP,24/04/08
A742,CASSILANDIA,-19.12249999,-51.72083332,494.72,CO,MS,08/03/08
A743,RIO BRILHANTE,-21.77499999,-54.52805554,324.31,CO,MS,26/06/08
A744,BRAGANCA PAULISTA,-22.94916666,-46.5261111,891.0,SE,SP,20/12/17
A746,BARRA DO TURVO,-24.96277777,-48.41638888,659.89,SE,SP,03/07/08
A747,PRADOPOLIS,-21.33833333,-48.11388888,544.0,SE,SP,22/04/08
A748,BARRETOS,-20.55916666,-48.54499999,534.36,SE,SP,19/06/10
A749,JUTI,-22.85722222,-54.60555555,375.18,CO,MS,16/06/08
A750,AMAMBAI,-23.0025,-55.32944443,433.59,CO,MS,11/06/08
A751,SETE QUEDAS,-23.96694443,-55.02416666,398.4,CO,MS,03/06/08
A752,ITAQUIRAI,-23.44944444,-54.18194443,337.82,CO,MS,28/05/08
A753,ITUVERAVA,-20.35972222,-47.77527777,610.58,SE,SP,17/07/08
A754,SIDROLANDIA,-20.98166666,-54.97194443,471.43,CO,MS,29/09/08
A755,BARUERI,-23.52388888,-46.86944443,776.5,SE,SP,29/03/11
A756,AGUA CLARA,-20.44444444,-52.87583332,323.63,CO,MS,14/08/10
A758,JARDIM,-21.4786111,-56.13777777,252.47,CO,MS,04/08/11
A759,BATAGUASSU,-21.75,-52.47138888,392.13,CO,MS,21/03/13
A760,COSTA RICA,-18.49277777,-53.17138888,727.34,CO,MS,04/12/12
A761,SONORA,-17.63527777,-54.76055555,495.25,CO,MS,30/11/12
A762,DRACENA,-21.45777777,-51.55222222,383.0,SE,SP,03/11/16
A763,MARILIA,-22.23527777,-49.965,660.0,SE,SP,15/05/17
A764,BEBEDOURO,-20.94805555,-48.47138888,542.0,SE,SP,27/10/16
A765,BERTIOGA,-23.84472221,-46.14333333,5.0,SE,SP,01/02/17
A766,REGISTRO,-24.53305554,-47.86416666,35.0,SE,SP,09/02/17
A768,TUPA,-21.92722221,-50.49027777,498.0,SE,SP,12/05/17
A769,CACHOEIRA PAULISTA,-22.68888888,-45.00555555,586.0,SE,SP,20/10/17
A770,SAO SIMAO,-21.46111111,-47.57944443,620.0,SE,SP,03/07/19
A771,SAO PAULO - INTERLAGOS,-23.72444443,-46.67749999,771.0,SE,SP,14/03/18
A801,PORTO ALEGRE - JARDIM BOTANICO,-30.05361111,-51.17472221,41.18,S,RS,22/09/00
A802,RIO GRANDE,-32.07888888,-52.16777777,4.92,S,RS,16/11/01
A803,SANTA MARIA,-29.72499999,-53.72055554,103.1,S,RS,26/11/01
A804,SANTANA DO LIVRAMENTO,-30.75055555,-55.40138888,196.0,S,RS,22/11/01
A805,SANTO AUGUSTO,-27.85444444,-53.7911111,489.67,S,RS,05/12/01
A806,FLORIANOPOLIS,-27.6025,-48.61999999,4.87,S,SC,22/01/03
A807,CURITIBA,-25.4486111,-49.23055554,922.91,S,PR,28/01/03
A809,URUGUAIANA,-29.83999999,-57.08194443,74.29,S,RS,28/09/06
A810,SANTA ROSA,-27.89055555,-54.47999999,272.84,S,RS,15/11/06
A811,CANGUCU,-31.40333333,-52.70083333,446.81,S,RS,24/01/07
A812,CACAPAVA DO SUL,-30.54527777,-53.46694443,420.82,S,RS,22/06/06
A813,RIO PARDO,-29.87222221,-52.38194443,106.99,S,RS,30/09/06
A814,URUSSANGA,-28.53249999,-49.31527777,40.56,S,SC,29/05/08
A815,SAO JOAQUIM,-28.27555554,-49.93472221,1400.06,S,SC,12/04/08
A816,NOVO HORIZONTE,-26.40638888,-52.85027777,943.57,S,SC,20/09/08
A817,INDAIAL,-26.91361111,-49.26805554,72.24,S,SC,02/07/06
A818,IVAI,-25.01083333,-50.85388888,803.58,S,PR,11/07/06
A819,CASTRO,-24.77999999,-50.04638888,1016.0,S,PR,09/07/06
A820,MAL. CANDIDO RONDON,-24.53333333,-54.01916666,392.07,S,PR,18/11/06
A821,JOAQUIM TAVORA,-23.50527777,-49.94638888,512.67,S,PR,23/11/06
A822,NOVA TEBAS,-24.43388888,-51.95388888,660.0,S,PR,21/12/06
A823,INACIO MARTINS,-25.56777777,-51.07805554,1208.85,S,PR,16/10/06
A824,ICARAIMA,-23.39027777,-53.63583333,381.29,S,PR,16/11/06
A825,GOIOERE,-24.18388888,-53.04888888,481.0,S,PR,19/10/06
A826,ALEGRETE,-29.70916666,-55.52555554,120.88,S,RS,28/09/06
A827,BAGE,-31.34777777,-54.01333333,226.19,S,RS,04/01/07
A828,ERECHIM,-27.65777777,-52.30583333,777.08,S,RS,25/11/06
A829,SAO JOSE DOS AUSENTES,-28.7486111,-50.05777777,1228.59,S,RS,26/10/06
A830,SAO BORJA,-28.65,-56.01638888,81.08,S,RS,21/07/07
A831,QUARAI,-30.3686111,-56.43722221,113.05,S,RS,17/10/07
A832,SAO GABRIEL,-30.34138888,-54.31083333,114.89,S,RS,11/07/07
A833,SANTIAGO,-29.19166666,-54.88555555,390.03,S,RS,04/02/09
A834,TRAMANDAI,-30.01027777,-50.13583333,4.56,S,RS,09/03/08
A835,MARINGA,-23.40527777,-51.93277777,548.51,S,PR,21/11/06
A836,JAGUARAO,-32.53472221,-53.37583332,31.48,S,RS,09/01/07
A837,SOLEDADE,-28.85916666,-52.54249999,660.44,S,RS,01/03/08
A838,CAMAQUA,-30.80805555,-51.83416666,92.3,S,RS,12/12/06
A839,PASSO FUNDO,-28.22666666,-52.40361111,680.67,S,RS,27/11/06
A840,BENTO GONCALVES,-29.16444444,-51.53416666,623.27,S,RS,01/12/06
A841,JOACABA,-27.16916666,-51.55888888,767.63,S,SC,20/09/07
A842,NOVA FATIMA,-23.41527777,-50.57777777,664.31,S,PR,08/02/07
A843,DOIS VIZINHOS,-25.69916666,-53.09527777,545.95,S,PR,29/03/07
A844,LAGOA VERMELHA,-28.22249999,-51.51277777,833.83,S,RS,02/03/07
A845,BOM JARDIM DA SERRA - MORRO DA IGREJA,-28.12694443,-49.47972221,1790.38,S,SC,17/06/07
A846,FOZ DO IGUACU,-25.60194444,-54.48305554,235.09,S,PR,15/02/08
A848,DIONISIO CERQUEIRA,-26.286562,-53.633114,807.54,S,SC,31/05/08
A849,DIAMANTE DO NORTE,-22.63944444,-52.89027777,368.22,S,PR,06/03/08
A850,PARANAPOEMA,-22.65833333,-52.13444444,308.7,S,PR,04/03/08
A851,ITAPOA,-26.08138888,-48.64166666,6.18,S,SC,06/06/07
A852,SAO LUIZ GONZAGA,-28.41722221,-54.9625,245.5,S,RS,25/07/07
A853,CRUZ ALTA,-28.60333333,-53.6736111,426.69,S,RS,31/05/07
A854,FREDERICO WESTPHALEN,-27.39555555,-53.42944443,489.42,S,RS,14/12/07
A855,PLANALTO,-25.72194443,-53.74805555,399.1,S,PR,07/11/07
A856,PALMEIRA DAS MISSOES,-27.92027777,-53.31805554,614.11,S,RS,26/02/08
A857,SAO MIGUEL DO OESTE,-26.78638888,-53.51416666,647.0,S,SC,12/03/08
A858,XANXERE,-26.9386111,-52.39805555,878.74,S,SC,15/03/08
A859,CACADOR,-26.81916666,-50.98555555,944.26,S,SC,19/03/08
A860,CURITIBANOS,-27.2886111,-50.60416666,978.1,S,SC,28/02/08
A861,RIO DO CAMPO,-26.93749999,-50.14555555,591.67,S,SC,10/03/08
A862,RIO NEGRINHO,-26.2486111,-49.57416666,856.0,S,SC,22/03/08
A863,ITUPORANGA,-27.41833332,-49.64694444,479.79,S,SC,04/03/08
A864,MAJOR VIEIRA,-26.3936111,-50.36333333,799.58,S,SC,09/02/09
A865,LAGES,-27.80222222,-50.33555555,952.7,S,SC,06/11/14
A866,Laguna  - Farol de Santa Marta,-28.60444444,-48.81333333,34.36,S,SC,01/06/08
A867,ARARANGUA,-28.931353,-49.49792,2.0,S,SC,28/09/08
A868,ITAJAI,-26.95083333,-48.76194444,9.76,S,SC,24/06/10
A869,CIDADE GAUCHA,-23.35916666,-52.93194443,365.79,S,PR,11/03/08
A870,RANCHO QUEIMADO,-27.6786111,-49.04194444,881.0,S,SC,31/05/16
A871,JAPIRA,-23.77333332,-50.18055554,692.88,S,PR,29/02/08
A872,VENTANIA,-24.28027777,-50.21027777,1093.41,S,PR,15/04/11
A873,MORRETES,-25.50888888,-48.80861111,50.31,S,PR,13/03/08
A874,SAO MATEUS DO SUL,-25.83555555,-50.36888888,780.21,S,PR,17/04/11
A875,GENERAL CARNEIRO,-26.3986111,-51.35361111,1009.01,S,PR,30/04/08
A876,CLEVELANDIA,-26.41722221,-52.3486111,966.06,S,PR,15/05/08
A878,MOSTARDAS,-31.24833333,-50.90638888,3.82,S,RS,11/03/08
A879,CANELA,-29.36888888,-50.82722221,830.93,S,RS,23/08/08
A880,VACARIA,-28.51361111,-50.88277777,969.89,S,RS,26/04/08
A881,DOM PEDRITO,-31.0025,-54.61805554,150.0,S,RS,23/04/10
A882,TEUTONIA,-29.44916666,-51.82333332,81.0,S,RS,04/10/12
A883,IBIRUBA,-28.65333333,-53.11194444,455.27,S,RS,13/12/12
A884,CAMPO BOM,-29.67416666,-51.06416666,23.35,S,RS,29/11/13
A886,TUPANCIRETA,-29.08944444,-53.82666666,462.0,S,RS,11/08/16
A887,CAPAO DO LEAO (PELOTAS),-31.8025,-52.40722222,13.0,S,RS,18/07/19
A889,SAO VICENTE DO SUL,-29.70222222,-54.69444444,134.0,S,RS,06/04/16
A893,ENCRUZILHADA DO SUL,-30.54305555,-52.52472221,427.75,S,RS,15/03/18
A894,SERAFINA CORREA,-28.70472222,-51.87083332,485.29,S,RS,01/04/16
A895,CHAPECO,-27.0853111,-52.6357111,679.0,S,SC,19/02/19
A897,CAMBARA DO SUL,-29.04916666,-50.14972221,1017.0,S,RS,24/11/16
A898,CAMPOS NOVOS,-27.3886111,-51.21583333,963.0,S,SC,15/02/19
A899,Santa Vitoria do Palmar - Barra do Chui,-33.74222221,-53.37222221,7.41,S,RS,08/03/08
A901,CUIABA,-15.60694444,-56.06083333,184.0,CO,MT,08/12/02
A902,TANGARA DA SERRA,-14.65,-57.43166666,440.01,CO,MT,11/12/02
A903,S.J. DO RIO CLARO,-13.45388888,-56.67722221,339.59,CO,MT,25/02/03
A904,SORRISO,-12.555,-55.72277777,379.31,CO,MT,16/12/02
A905,CAMPO NOVO DOS PARECIS,-13.78583333,-57.8386111,525.41,CO,MT,13/12/02
A906,GUARANTA DO NORTE,-9.9525,-54.89777777,283.58,CO,MT,20/12/02
A907,RONDONOPOLIS,-16.4625,-54.58027777,289.88,CO,MT,17/11/03
A908,AGUA BOA,-14.01638888,-52.21166666,440.0,CO,MT,16/12/06
A909,ALTO ARAGUAIA,-17.33944444,-53.22444443,753.28,CO,MT,22/09/11
A910,APIACAS,-9.56333333,-57.3936111,217.75,CO,MT,24/10/06
A911,SAPEZAL,-13.30388888,-58.76333333,105.0,CO,MT,20/10/17
A912,CAMPO VERDE,-15.55888888,-55.17944443,747.0,CO,MT,21/11/06
A913,COMODORO,-13.70805555,-59.7625,576.87,CO,MT,28/11/06
A914,JUARA,-11.28027777,-57.52666666,263.43,CO,MT,02/11/06
A915,PARANATINGA,-14.42138888,-54.0361111,476.91,CO,MT,19/12/06
A916,QUERENCIA,-12.60305555,-52.1625,355.0,CO,MT,18/07/07
A917,SINOP,-11.98222221,-55.56611111,366.57,CO,MT,29/10/06
A919,COTRIGUACU,-9.90638888,-58.57222221,265.0,CO,MT,28/05/07
A920,JUINA,-11.37499999,-58.77472221,365.39,CO,MT,24/11/06
A922,VILA BELA DA SANTISSIMA TRINDADE,-15.06277777,-59.87305554,213.0,CO,MT,01/12/06
A923,PRIMAVERA DO LESTE,-15.57999999,-54.3811111,680.0,CO,MT,26/10/17
A924,ALTA FLORESTA,-10.07722221,-56.17916666,291.85,CO,MT,23/05/07
A925,PORTO VELHO,-8.7936111,-63.84583333,86.7,N,RO,11/07/07
A926,CARLINDA,-9.97055554,-55.82749999,293.71,CO,MT,09/04/08
A927,BRASNORTE (NOVO MUNDO),-12.52194443,-58.23138888,426.2,CO,MT,29/02/08
A928,NOVA MARINGA,-13.0386111,-57.09222221,334.36,CO,MT,16/04/08
A929,NOVA UBIRATA,-13.41111111,-54.75222222,466.48,CO,MT,13/04/08
A930,GAUCHA DO NORTE,-13.18472221,-53.2575,375.87,CO,MT,04/06/08
A931,SANTO ANTONIO DO LESTE,-14.92499999,-53.88444444,662.0,CO,MT,30/05/08
A932,GUIRATINGA,-16.34166666,-53.76611111,525.43,CO,MT,24/01/08
A933,ITIQUIRA,-17.17499999,-54.50166666,593.12,CO,MT,14/08/08
A934,ALTO TAQUARI,-17.8411111,-53.28944444,862.42,CO,MT,29/01/08
A935,PORTO ESTRELA,-15.32472221,-57.22583332,147.75,CO,MT,30/05/08
A936,SALTO DO CEU,-15.12472221,-58.12722221,300.83,CO,MT,24/01/08
A937,PONTES E LACERDA,-15.23444444,-59.3461111,272.53,CO,MT,30/01/08
A938,VILHENA,-12.73499999,-60.15777777,583.3,N,RO,26/08/08
A939,CACOAL,-11.44583333,-61.43416666,183.53,N,RO,20/07/08
A940,ARIQUEMES,-9.94888888,-62.96194444,128.44,N,RO,18/07/08
A942,SAO JOSE DO XINGU,-10.48416666,-52.37249999,300.0,CO,MT,19/02/19
A943,SERRA NOVA DOURADA,-11.98777777,-51.4261111,441.0,CO,MT,29/03/19
A944,ROSARIO OESTE,-14.82888888,-56.44194444,195.0,CO,MT,30/05/19
A945,BARRA DO GARCAS,-15.88472221,-52.22722221,304.0,CO,MT,26/11/25
A947,NOVO SANTO ANTONIO,-12.28805555,-50.97138888,205.0,CO,MT,28/11/25
A949,DIAMANTINO,-14.37777777,-56.37972221,317.0,CO,MT,27/11/25
A950,ITANHANGA,-12.23416666,-56.60222222,350.0,CO,MT,01/12/25
A954,COCALINHO,-14.38555555,-51.00972222,252.0,CO,MT,03/12/25
A955,LUCAS DO RIO VERDE,-13.07499999,-55.91138888,393.0,CO,MT,03/12/25
B803,CAMPINA DA LAGOA,-24.57083332,-52.80027777,598.0,S,PR,04/08/16
B804,LARANJEIRAS DO SUL,-25.37138888,-52.40083333,889.0,S,PR,07/08/16
B806,COLOMBO,-25.322464,-49.157733,950.0,S,PR,01/06/16
B808,CACHOEIRINHA,-29.95138888,-51.12416666,72.0,S,RS,18/02/25
B809,SAPUCAIA DO SUL,-29.81388888,-51.15666666,23.0,S,RS,01/05/25
B810,PARQUE ELDORADO,-30.09666666,-51.67388888,50.0,S,RS,18/02/25
B811,SERTAO SANTANA,-30.49416666,-51.66333333,116.0,S,RS,14/08/25
B812,CHARQUEADAS,-29.96555555,-51.62555554,23.0,S,RS,01/05/25
B813,MINAS DO LEAO,-30.12444443,-52.05083333,54.0,S,RS,01/08/25
B814,MONTENEGRO,-29.75861111,-51.4361111,15.0,S,RS,01/08/25
B816,SANTA MARIA DO HERVAL,-29.47916666,-51.01333333,650.0,S,RS,21/08/25
B817,CAXIAS DO SUL - CRIUVA,-28.87416666,-50.97555554,857.0,S,RS,01/08/25
B818,CAXIAS DO SUL - AEROPORTO,-29.1961111,-51.18638888,756.0,S,RS,14/08/25
B819,ROLANTE,-29.65583333,-50.61805554,69.0,S,RS,18/08/25
B820,SAO FRANCISCO DE PAULA,-29.44222221,-50.56027777,886.0,S,RS,18/08/25
B821,SANTANA DA BOA VISTA,-30.85861111,-53.15555555,138.0,S,RS,17/09/25
B822,CACHOEIRA DO SUL,-30.01833332,-52.93888888,73.0,S,RS,17/09/25
B823,PINHEIRO MACHADO,-31.57472221,-53.38833333,419.0,S,RS,17/09/25
B825,PORTO ALEGRE - BELEM NOVO,-30.1861111,-51.17833332,3.3,S,RS,01/05/25
B826,HERVAL,-32.01277777,-53.40305555,331.0,S,RS,17/09/25
B827,BAGE - CENTRO,-31.30555555,-54.01333333,226.2,S,RS,01/08/25
B828,ACEGUA,-31.87472221,-54.11972221,271.0,S,RS,17/09/25
B829,SANTA VITORIA DO PALMAR (RESERVA DO TAIM),-32.83583333,-52.6436111,2.0,S,RS,17/09/25
B830,SANTA VITORIA DO PALMAR (CENTRO),-33.53166666,-53.35027777,29.0,S,RS,18/09/25
B832,CAPAO DA CANOA,-29.68527777,-49.99305555,0.0,S,RS,13/10/25
B836,PALMARES DO SUL,-30.24916666,-50.50916666,4.0,S,RS,13/10/25
B839,SANTO ANTONIO DA PATRULHA,-29.81611111,-50.53333333,47.0,S,RS,13/10/25
B841,TORRES,-29.41361111,-49.80361111,0.0,S,RS,13/10/25
F501,BELO HORIZONTE - CERCADINHO,-19.97999999,-43.95861111,1199.55,SE,MG,27/12/13
